id,transcription,gpt_answer,gpt_normalized_answer,ground_truth
0,"Persian, P-D-R-Z-N, S-I-N, also known by its endonym Farsi, Farsi-Farsi, F-A-R-Z-I, listen, is one of the Western Iranian languages within the Indo-Iranian branch of the Indo-European language family. It is primarily spoken in Iran, Afghanistan, officially known as Dari since 1958, and Tajikistan, officially known as Tajiki since the Soviet era, and some other regions which historically were Persianate societies and considered part of Greater Iran. It is written in the Persian alphabet, a modified variant of the Arabic script which itself evolved from the Aramaic alphabet. Do Iran and Afghanistan speak the same language?",True.,True,true
1,"Good Samaritan laws offer legal protection to people who give reasonable assistance to those who are, or who they believe to be, injured, ill, in peril, or otherwise incapacitated. The protection is intended to reduce bystanders' hesitation to assist, for fear of being sued or prosecuted for unintentional injury or wrongful death. An example of such a law in common law areas of Canada, a Good Samaritan doctrine is a legal principle that prevents a rescuer who has voluntarily helped a victim in distress from being successfully sued for wrongdoing. Its purpose is to keep people from being reluctant to help a stranger in need for fear of legal repercussions should they make some mistake in treatment. By contrast, a duty to rescue law requires people to offer assistance and holds those who fail to do so liable. Do Good Samaritan laws protect those who help at an accident?",True,True,true
2,"Windows Movie Maker, formerly known as Windows Live Movie Maker and Windows 7, is a discontinued video editing software by Microsoft. It is a part of Windows Essentials software suite and offers the ability to create and edit videos as well as to publish them on OneDrive, Facebook, Vimeo, YouTube, and Flickr. Is Windows Movie Maker part of Windows Essentials?",True,True,true
3,"Powdered sugar, also called confectioner's sugar, icing sugar, and icing cake, is a finely ground sugar produced by milling granulated sugar into a powdered state. It usually contains a small amount of anti-caking agent to prevent clumping and improve flow. Although most often produced in a factory, powdered sugar can also be made by processing ordinary granulated sugar in a coffee grinder or by crushing it by hand in a mortar and pestle. Is confectionery sugar the same as powdered sugar?",True,True,true
4,"As with other games in the Elder Scrolls series, the game is set on the continent of Tamriel. The events of the game occur a millennium before those of The Elder Scrolls V, Skyrim and around 800 years before The Elder Scrolls III, Morrowind and The Elder Scrolls IV, Oblivion. It has a broadly similar structure to Skyrim, with two separate conflicts progressing at the same time, one with the fate of the world in the balance and one where the prize is supreme power on Tamriel. In The Elder Scrolls Online, the first struggle is against the Daedric Prince Molag Bal, who is attempting to meld the plane of Mundus with his realm of Coldharbour and the second is to capture the vacant Imperial Throne, contested by three alliances of the mortal races. The player character has been sacrificed to Molag Bal and Molag Bal has stolen their soul, the recovery of which is the primary game objective. Is Elder Scrolls Online the same as Skyrim?",False,False,false
5,"Epsom Railway Station serves the town of Epsom in Surrey. It is located off Waterloo Road and is less than two minutes walk from the High Street. It is not in the London Oyster Card Zone, unlike Epsom Downs or Tatinum Corner stations. The station building was replaced in 2012-2013 with a new building with apartments above the station. See end of article. Can you use Oyster Card at Epsom Station?",False,False,false
6,"The series premiered in the United States on Starz on 12th April 2013 and its second season premiered on 22nd March 2014. The series was renewed for a third season which premiered on 24 October 2015. On 23rd of July 2015, Starz announced that the third season would be the show's last. However, Goyer has left it open for a miniseries return. Will there be a season 4 of Da Vinci's Demons?",False,False,false
7,"The federal courts are composed of three levels of courts. The Supreme Court of the United States is the court of last resort. It is generally an appellate court that operates under discretionary review, which means that the court can choose which cases to hear by granting writs of certiorari. There is therefore generally no basic right of appeal that extends automatically all the way to the Supreme Court. In a few situations, like lawsuits between state governments or some cases between the federal government and a state, it sits as a court of original jurisdiction. Is the federal court the same as the Supreme Court?",False,False,false
8,"In the 1998 war film Saving Private Ryan, General George Marshall, played by Harve Presnell, reads the Bixby letter to his officers before giving the order to find and send home Private James Francis Ryan after Ryan's three brothers died in battle. Did Abraham Lincoln write the letter in Saving Private Ryan?",True,True,true
9,"With the box office success of Batman Forever in June 1995, Warner Brothersers immediately commissioned a sequel. They hired director Joel Schumacher and writer Akiva Goldsman to reprise their duties the following August and decided it was best to fast track production for a June 1997 Target release date, which is a break from the usual three-year gap between films. Schumacher wanted to homage both the Broadcamp style of the 1960s television series and the work of Dick Sprang. The storyline of Batman and Robin was conceived by Schumacher and Goldsman during pre-production on A Time to Kill. Portions of Mr. Freeze's backstory were based on The Batman, the animated series episode Heart of Ice, written by Paul Dini. Is Batman and Robin a sequel to Batman Forever?",True,True,true
10,"Badgers are short-legged omnivores in the family Mustelidae, which also includes the otters, polecats, weasels, and wolverines. They belong to the caniform suborder of carnivoran mammals. The 11 species of badgers are grouped in three subfamilies, Malini, Eurasian badgers, Melivarini, the honey badger or ratel, and Taxidani, the American badger. The Asiatic stink badgers of the genus Mydias were formerly included within Malini, and thus Mustelidae. But recent genetic evidence indicates these are actually members of the skunk family, placing them in the taxonomic family Mephitidae. Is a wolverine the same as a badger?",False,False,false
11,"Green Lantern was released on June 17, 2011 and received generally negative reviews. Most criticized the film for its screenplay, inconsistent tone, choice and portrayal of villains and its use of CGI, while some praised Reynolds's performance. Reynolds would later voice his dissatisfaction with the film. The film underperformed at the box office, grossing $219 million against a production budget of $200 million. Due to the film's negative reception and disappointing box office performance, Warner Bros. canceled any plans for a sequel, instead opting to reboot the character in the DC Extended Universe line with the film Green Lantern Corps, set for release in 2020.",True,True,false
12,"The United States should have the chance to observe and assess the functioning of the court over time before choosing to become subject to its jurisdiction. Given these concerns, I will not and do not recommend that my successor submit the treaty to the Senate for advice and consent until our fundamental concerns are satisfied. Does the ICC has jurisdiction in the United States?",False,False,false
13,"Calcium carbide is a chemical compound with the chemical formula of KAC. Its main use industrially is in the production of acetylene and calcium cyanamide. Calcium carbide KAC2 is the raw material for the production of acetylene".,False,False,true
14,"Now You See Me is a series of heist thriller film written by Ed Solomon, Boaz Yakan, and Edward Ricour. They focus on the actions of a team of illusionists named the Four Horsemen who pull off near-impossible heists. The series features an ensemble cast including Jesse Eisenberg, Mark Ruffalo, Woody Harrelson, Isla Fisher, Dave Franco, Michael Caine, Lizzie Kaplan, and Morgan Freeman. The first film was released in 2013 while the second was released in 2016 and a third film is currently in development and set to be released in 2019. The series has received mixed reviews from critics and audiences and grossed nearly 700 million worldwide. Is there a Now You See Me 3 coming out?",True,True,true
15,"A shootout is usually considered, for statistical purposes, to be separate from the match which preceded it. In the case of a two-legged fixture, the two matches are still considered either as two draws or as one win and one loss. In the case of a single match, it is still considered as a draw. This contrasts with a fixture won in extra time, where the score at the end of normal time is superseded. Converted shootout penalties are not considered as goals scored by a player for the purposes of their individual records or for golden boot competitions. Does a penalty shootout goal count towards the golden boot?",False,False,false
16,"Cutthroat Kitchen is a cooking show hosted by Alton Brown that aired on the Food Network from August 11th, 2013 to July 19th, 2017. It features four chefs competing in a three-round elimination cooking competition. The contestants face auctions in which they can purchase opportunities to sabotage one another. Each chef is given $25 at the start of the show. The person left standing keeps whatever money they have not spent in the auctions. The show ended on its 15th season in July 2017. The series shares some basic elements with other four-chef, three-round elimination-style competitions on Food Network, including Chopped and Guys grocery games. Numerous Cutthroat Kitchen contestants have competed on these shows. Will there be a new season of Cutthroat Kitchen?",False,False,false
17,"In 2006, Sikma was voted as one of the 100 legends of the IHSL Boys Basketball Tournament, a group of former players and coaches in honor of the 100th anniversary of the IHSL Boys Basketball Tournament. On June 27, 2017, Sikma was inducted into the Small College Basketball Hall of Fame as part of their second class. Inducted alongside Sikma were Zelmo Beattie, Walt Frazier, Bob Love, Elmore Smith, Jim Spivey, Rico Swanson, George Tinsley, and Al Tucker. Is Jack Sikma in the Hall of Fame?",True,True,true
18,"In J.R.R. Tolkien's fictional universe of Middle-earth, the half-elven, cinder-and-singular Paradhel, plural Paradil, quenya-singular Perelda, are the children of the union of elves and men. Of these, the most significant were the products of couplings between the Eldar, the elves who followed the call to Valinor, and the Edain, the men of the three houses of early men who allied themselves with the Eldar in their war against Morgoth. When elves and humans mate Lord of the Rings",True,True,true
19,"The Boy in the Plastic Bubble is a 1976 American made-for-television drama film inspired by the lives of David Vetter and Ted DeVita, who lacked effective immune systems. It stars John Travolta, Glynis O'Connor, Diana Hyland, Robert Reed, Ralph Bellamy, and P.J. Soles. It was written by Douglas Day Stewart, executive produced by Aaron Spelling and Leonard Goldberg, who at the time produced Starsky & Hutch and Charlie's Angels, and directed by Randall Kleiser, who would work with Travolta again in Greece shortly after. The original music score was composed by Mark Snow. The theme song, What Would They Say?, was written and sung by Paul Williams. William Howard Taft High School in Woodland Hills was used for filming. The Boy in the Plastic Bubble based on true story?",True,True,true
20,"These terms are used with respect to reasoning, epistemology, to distinguish necessary conclusions from first premises, i.e., what must come before sense observation, from conclusions based on sense observation, which must follow it. Thus, the two kinds of knowledge justification or argument may be glossed. Science begins with the premise that knowledge should first be acquired through observation.",True,True,true
21,"Timothy Donald Brown, born July 22, 1966, is a former American football wide receiver who played professionally in the National Football League, NFL. He played college football for Notre Dame, where he won the Heisman Trophy, becoming the first wide receiver to win the award. He spent 16 years with the Los Angeles-Oakland Raiders, during which he established himself as one of the NFL's most prolific wide receivers. Brown has also played for the Tampa Bay Buccaneers. In 2015, he was inducted into the Pro Football Hall of Fame. Is Tim Brown in the Hall of Fame?",True,True,true
22,"Drinking in public in Denmark is legal in general. The law forbids disturbing of the public law and order. Thus, general consumption is accepted. Several cafes have outdoor serving in the same zones. Can you drink alcohol in public in Denmark?",True,True,true
23,"Both Jersey and Bank of England notes are legal tender in Jersey and circulate together, alongside the Guernsey Pound and Scottish Bank notes. The Jersey notes are not legal tender in the United Kingdom, but are legal currency, so creditors and traders may accept them if they so choose. Is Jersey currency legal tender in the UK?",False,False,false
24,"The Bucks have won one league title, 1971, two conference titles, 1971 and 1974, and 13 division titles, 1971, 1974, 1976, 1980, 1986, 2001. They have featured such notable players as Kareem Abdul-Jabbar, Sidney Moncrieff, Oscar Robertson, Bob Dandridge, Bob Lanier, Glenn Robinson, Ray Allen, Sam Castle, Junior Bridgman, Michael Redd, Terry Cummings, Vin Baker, John McLaughlin, Marcus Johnson, and Brian Winters. Have the Milwaukee Bucks ever won a championship?",True,True,true
25,"This is a list of all penalty shootouts that have occurred in the finals tournament of the FIFA World Cup. Penalty shootouts were introduced as tiebreakers in the 1978 World Cup, but did not occur before 1982. The first time a World Cup title was won by penalty shootout was in 1994. The only other time was in 2006. By the end of the 2018 edition, 30 shootouts have taken place in the World Cup. Of these, only two reached the sudden death stage after still being tied at the end of best of five kicks. Does the World Cup final go to penalties?",True,True,true
26,"Kingdom! King Udamu! King Udamu! is a Japanese manga series written and illustrated by Yasuhisa Hara, Yuen Taiju, Hara Yasuhisa. The manga provides a fictionalized account of the warring states period, primarily through the experiences of the war orphan Shin and his comrades as he fights to become the greatest general under the heavens, and in doing so, unifying China for the first time in history. The series was adapted into a 38-episode anime series by Studio Pierrot that aired from June 4, 2012 to February 25, 2013. A second season was announced and aired from June 8, 2013 to March 4, 2014. An English-language release of the anime was licensed by Funimation. Is Kingdom manga based on a true story?",True,True,true
27,"As of 2014, the contracting parties to the EEA are three of the four EFTA member states and 27 of the 28 EU member states. The 28th and newest EU member, Croatia, finished negotiating their accession to the EEA in November 2013 and since 12 April 2014 is provisionally applying the agreement pending its ratification by all EEA member states. Is Croatia part of the European Economic Area?",False,False,true
28,"Posthumous marriage, or necrogamy, is a marriage in which one of the participating members is deceased. It is legal in France, and similar forms are practiced in Sudan and China. Since World War I, France has had hundreds of requests each year, of which many have been accepted. Can you marry a dead person in France?",True,True,true
